Model,MAPE,MSE,R2_Score
Random Forest,0.03391084917978946,1.5313876684269e-05,-0.009144576762535106
